Workbook

Sheet Sheet1
A1: id | B1: bus | C1: Efficiency | D1: duration | E1: VLOOKUP | F1: power capability | G1: energy capacity
A2: stor1 | B2: bus_3 | C2: 0.76 | D2: 4 | E2: =VLOOKUP(A2,Sheet2!$B$2:$C$25,2,FALSE) -> 8 | F2: =_xlfn.IFNA(VLOOKUP(A2,Sheet2!$B$2:$C$25,2,FALSE),0) -> 8 | G2: =F2*D2 -> 32
A3: stor2 | B3: bus_3 | C3: 0.87 | D3: 1 | E3: =VLOOKUP(A3,Sheet2!$B$2:$C$25,2,FALSE) -> 5 | F3: =_xlfn.IFNA(VLOOKUP(A3,Sheet2!$B$2:$C$25,2,FALSE),0) -> 5 | G3: =F3*D3 -> 5
A4: stor3 | B4: bus_3 | C4: 0.85 | D4: 0.5 | E4: =VLOOKUP(A4,Sheet2!$B$2:$C$25,2,FALSE) -> 18 | F4: =_xlfn.IFNA(VLOOKUP(A4,Sheet2!$B$2:$C$25,2,FALSE),0) -> 18 | G4: =F4*D4 -> 9
A5: stor4 | B5: bus_2 | C5: 0.89 | D5: 4 | E5: =VLOOKUP(A5,Sheet2!$B$2:$C$25,2,FALSE) -> 12 | F5: =_xlfn.IFNA(VLOOKUP(A5,Sheet2!$B$2:$C$25,2,FALSE),0) -> 12 | G5: =F5*D5 -> 48
A6: stor5 | B6: bus_2 | C6: 0.87 | D6: 3 | E6: =VLOOKUP(A6,Sheet2!$B$2:$C$25,2,FALSE) -> 5 | F6: =_xlfn.IFNA(VLOOKUP(A6,Sheet2!$B$2:$C$25,2,FALSE),0) -> 5 | G6: =F6*D6 -> 15
A7: stor6 | B7: bus_5 | C7: 0.85 | D7: 2 | E7: =VLOOKUP(A7,Sheet2!$B$2:$C$25,2,FALSE) -> 38 | F7: =_xlfn.IFNA(VLOOKUP(A7,Sheet2!$B$2:$C$25,2,FALSE),0) -> 38 | G7: =F7*D7 -> 76
A8: stor7 | B8: bus_1 | C8: 0.85 | D8: 1.5 | E8: =VLOOKUP(A8,Sheet2!$B$2:$C$25,2,FALSE) -> 34 | F8: =_xlfn.IFNA(VLOOKUP(A8,Sheet2!$B$2:$C$25,2,FALSE),0) -> 34 | G8: =F8*D8 -> 51
A9: stor8 | B9: bus_1 | C9: 0.9 | D9: 1 | E9: =VLOOKUP(A9,Sheet2!$B$2:$C$25,2,FALSE) -> 3 | F9: =_xlfn.IFNA(VLOOKUP(A9,Sheet2!$B$2:$C$25,2,FALSE),0) -> 3 | G9: =F9*D9 -> 3
A10: stor9 | B10: bus_1 | C10: 0.88 | D10: 0.5 | E10: =VLOOKUP(A10,Sheet2!$B$2:$C$25,2,FALSE) -> 22 | F10: =_xlfn.IFNA(VLOOKUP(A10,Sheet2!$B$2:$C$25,2,FALSE),0) -> 22 | G10: =F10*D10 -> 11
A11: stor10 | B11: bus_2 | C11: 0.65 | D11: 4 | E11: =VLOOKUP(A11,Sheet2!$B$2:$C$25,2,FALSE) -> 2 | F11: =_xlfn.IFNA(VLOOKUP(A11,Sheet2!$B$2:$C$25,2,FALSE),0) -> 2 | G11: =F11*D11 -> 8
A12: stor11 | B12: bus_5 | C12: 0.85 | D12: 6 | E12: =VLOOKUP(A12,Sheet2!$B$2:$C$25,2,FALSE) -> 86 | F12: =_xlfn.IFNA(VLOOKUP(A12,Sheet2!$B$2:$C$25,2,FALSE),0) -> 86 | G12: =F12*D12 -> 516
A13: stor12 | B13: bus_5 | C13: 0.92 | D13: 0.5 | E13: =VLOOKUP(A13,Sheet2!$B$2:$C$25,2,FALSE) -> 99 | F13: =_xlfn.IFNA(VLOOKUP(A13,Sheet2!$B$2:$C$25,2,FALSE),0) -> 99 | G13: =F13*D13 -> 49.5
... A25: stor24 | B25: bus_3 | C25: 0.75 | D25: 9 | E25: =VLOOKUP(A25,Sheet2!$B$2:$C$25,2,FALSE) -> 52 | F25: =_xlfn.IFNA(VLOOKUP(A25,Sheet2!$B$2:$C$25,2,FALSE),0) -> 52 | G25: =F25*D25 -> 468
A26: stor999 | B26: bus 2 | C26: 0.8 | D26: 2 | E26: =VLOOKUP(A26,Sheet2!$B$2:$C$25,2,FALSE) -> #N/A

Sheet Sheet2
B1: id | C1: power capability
B2: stor16 | C2: 25
B3: stor3 | C3: 18
B4: stor6 | C4: 38
B5: stor5 | C5: 5
B6: stor7 | C6: 34
B7: stor2 | C7: 5
B8: stor10 | C8: 2
B9: stor1 | C9: 8
B10: stor9 | C10: 22
B11: stor15 | C11: 12
B12: stor20 | C12: 76
B13: stor8 | C13: 3
... B25: stor22 | C25: 98
